{
    "0.05178266790648789": {
        "user_id": 4
    },
    "0.5891717647580132": {
        "user_id": 4
    },
    "0.8317928555353789": {
        "user_id": 4
    },
    "0.1952927888018221": {
        "user_id": 4
    },
    "0.8178101374276092": {
        "user_id": 4
    },
    "0.7342993393028696": {
        "user_id": 4
    },
    "0.5817774624751431": {
        "user_id": 4
    },
    "0.06315148298118012": {
        "user_id": 4
    },
    "0.15693391010110558": {
        "user_id": 4
    }
}